Title,Image_URL,Product_Page_URL,Dimensions
,https://i5.walmartimages.com/seo/Travelhouse-Hardshell-Carry-on-Luggage-20-Lightweight-Hardside-Suitcase-with-Spinner-Wheels-Light-Purple_68adabae-da80-405d-9b81-c8589ae24c85.f272e59ab38eecdac52d5d65e9393d47.jpeg?odnHeight=180&odnWidth=180&odnBg=FFFFFF,https://www.walmart.com/ip/Travelhouse-Hardshell-Carry-On-Luggage-20-Lightweight-Hardside-Suitcase-With-Silent-Spinner-Wheels-Light-Purple/1681977304?classType=VARIANT&athbdg=L1200,
,https://i5.walmartimages.com/seo/Landisun-3-Piece-Carry-on-Luggage-Sets-Hardside-Suitcase-Set-with-Spinner-Wheels-Portable-Travel-Bag-and-Toiletry-Bag-White_18e4617b-c7c6-41b2-83af-a3f2875e3f56.7f66d30fd17026f9576033cd3b2d5486.jpeg?odnHeight=180&odnWidth=180&odnBg=FFFFFF,https://www.walmart.com/ip/Landisun-3-Piece-Carry-on-Luggage-Sets-Hardside-Suitcase-Set-with-Spinner-Wheels-Portable-Travel-Bag-and-Toiletry-Bag-White/14754056603?classType=VARIANT,
,https://i5.walmartimages.com/seo/UKEIN-Luggage-Sets-3-Piece-Carry-Luggage-Wheels-20-Inch-Hardshell-Suitcase-TSA-Lock-100-PC-Carry-Suitcases-Airline-Approved-Travel-Backpack-Men-Women_ea22e637-9d63-4633-a7bf-93102c700ba0.339231c8f37989c1f5c5c498745dfccf.jpeg?odnHeight=180&odnWidth=180&odnBg=FFFFFF,https://www.walmart.com/ip/Luggage-Sets-3-Piece-Carry-On-20-Inch-With-Spinner-Wheels-PC-Hardside-Suitcase-Set-TSA-Lock-Durable-Travel-Backpack-Men-Women-Blue-Brown/10704171526?classType=VARIANT,
,https://i5.walmartimages.com/seo/Protege-20-inch-Unisex-Hard-Side-Carry-on-Spinner-Luggage-Matte-Pink_e24f45da-f85f-4c74-995b-9b103f02af25.14685ec9602414f190c2194887ee4914.jpeg,https://www.walmart.com/ip/Protege-20-inch-Unisex-Hard-Side-Carry-on-Spinner-Luggage-Matte-Pink/857061869?classType=REGULAR&athbdg=L1300,
,https://i5.walmartimages.com/seo/Travelhouse-Hardshell-Carry-on-Luggage-20-Lightweight-Hardside-Suitcase-with-Spinner-Wheels-Light-Purple_68adabae-da80-405d-9b81-c8589ae24c85.f272e59ab38eecdac52d5d65e9393d47.jpeg?odnHeight=180&odnWidth=180&odnBg=FFFFFF,https://www.walmart.com/ip/Travelhouse-Hardshell-Carry-on-Luggage-20-Lightweight-Hardside-Suitcase-with-Spinner-Wheels-Light-Purple/1681977304?classType=VARIANT&athbdg=L1200,
,https://i5.walmartimages.com/seo/Carry-on-Luggage-Set-3-Piece-hardshell-TSA-Lock-Spinner-Wheels-Suitcase-with-Travel-Bag-White_0c344ce6-2151-4881-b053-2e486979c1ed.05e57af2212c45a819bd1d96aeb76f5b.jpeg?odnHeight=180&odnWidth=180&odnBg=FFFFFF,https://www.walmart.com/ip/Carry-on-Luggage-Set-3-Piece-hardshell-TSA-Lock-Spinner-Wheels-Suitcase-with-Travel-Bag-White/11138302261?classType=VARIANT,
,https://i5.walmartimages.com/seo/Joyway-20-Inches-3-Piece-Hardside-Spinner-Luggage-Luggage-Sets-Off-White_35e35fb9-42c4-4ffe-a687-0f4c916a4c6f.4c5e4a12e1abb99476e48174c171fc28.jpeg?odnHeight=180&odnWidth=180&odnBg=FFFFFF,https://www.walmart.com/ip/Joyway-20in-Expandable-Carry-on-Luggage-with-ABS-Hard-Luggage-with-Double-Swivel-Wheels-TSA-Lock/2089726115?classType=VARIANT,
,https://i5.walmartimages.com/seo/WEPLUS-Hardside-Carry-On-Luggage-3-Piece-Luggage-Sets-TSA-Lock-Spinner-Wheels-20-Suitcase-with-Cup-Holder_b6435e66-0fec-4d2d-a328-241824a36320.6bdf789d901fb0430ec60b07507e07a7.jpeg?odnHeight=180&odnWidth=180&odnBg=FFFFFF,https://www.walmart.com/ip/WEPLUS-Hardside-Carry-On-Luggage-3-Piece-Luggage-Sets-TSA-Lock-Spinner-Wheels-20-Suitcase-with-Cup-Holder/15053554860?classType=VARIANT,
,,https://www.walmart.com,
,https://i5.walmartimages.com/seo/Protege-18-Softside-Pilot-Case-Carry-On-Luggage-Black_e56880c1-ea17-4ec5-87ba-5ef9d7993355_1.294320d7b6c081f35e321ec4157010d1.jpeg?odnHeight=180&odnWidth=180&odnBg=FFFFFF,https://www.walmart.com/ip/Protege-18-Softside-Pilot-Case-Carry-On-Luggage-Black/596361614?classType=VARIANT&athbdg=L1103,
,,https://www.walmart.com,
,https://i5.walmartimages.com/seo/iFLY-Hardside-Fibertech-Luggage-20-Carry-on-Luggage-Rose-Gold_414d4769-212a-4d7c-b1eb-88f83b43c308.2f779a8f808c3eb560f1e8a33d8be3b9.jpeg?odnHeight=180&odnWidth=180&odnBg=FFFFFF,https://www.walmart.com/ip/iFLY-Hardside-Fibertech-Luggage-20-Carry-on-Luggage-Rose-Gold/264608430?classType=VARIANT,
,https://i5.walmartimages.com/seo/Travelhouse-3-Piece-Hardside-Luggage-Sets-Hardshell-Durable-Lightweight-Suitcase-with-Double-Spinner-Wheels-and-TSA-Lock-Pink_57113d3d-be34-4c4d-9ce5-f960cf3d370d.2fd312fd3fe552398e9f29f81c3bc1b1.jpeg?odnHeight=180&odnWidth=180&odnBg=FFFFFF,https://www.walmart.com/ip/Travelhouse-3-Piece-Hardside-Luggage-Sets-Hardshell-Durable-Lightweight-Suitcase-with-Double-Spinner-Wheels-and-TSA-Lock-Pink/2112606854?classType=VARIANT,
,https://i5.walmartimages.com/seo/Jetstream-3-Pieces-Carry-On-Luggage-Set-for-Airplane-Carry-On-Rolling-Suitcase-2-packing-cubes_142a020f-a93c-4814-bd44-7361b41156cd.9799e955bef533e213e42e255012306d.jpeg?odnHeight=180&odnWidth=180&odnBg=FFFFFF,https://www.walmart.com/ip/Jetstream-3-Pieces-Carry-On-Luggage-Set-for-Airplane-Carry-On-Rolling-Suitcase-2-packing-cubes/3581352667?classType=VARIANT&athbdg=L1600,
,https://i5.walmartimages.com/seo/Protege-Hardside-20-Carry-on-Spinner-Luggage-Maroon-Walmart-Com-Exclusive-All-Ages_d8e1f4a4-9f39-45d2-8138-1616c8be4696.070b35a26000b0c51f256a46c7b8660e.jpeg,https://www.walmart.com/ip/Protege-Hardside-20-Carry-on-Spinner-Luggage-Maroon-Walmart-Com-Exclusive-All-Ages/570063850?classType=REGULAR,
,https://i5.walmartimages.com/seo/StorageBud-20-inch-Hardside-Carry-On-Expandable-Luggage-Front-Pocket-Luggage-Set-Spinner-Suitcase-Set-Teal_55826966-2186-42bf-acd4-603ad2badfaf.5259794ed30b1a177773b0d34007cf54.jpeg?odnHeight=180&odnWidth=180&odnBg=FFFFFF,https://www.walmart.com/ip/StorageBud-20-inch-Hardside-Carry-On-Expandable-Luggage-Front-Pocket-Luggage-Set-Spinner-Suitcase-Set-Teal/1982772435?classType=VARIANT,
,,https://www.walmart.com,
,https://i5.walmartimages.com/seo/Wrangler-San-Antonio-3-pc-Expandable-Rolling-Luggage-Set-w-20-Rolling-Carry-on-and-2-Packing-Cubes-Gray_8454b423-2509-43d6-acbf-a56d4fd0172e.ff5354d0843fde3d0ae43329ec3cafac.jpeg?odnHeight=180&odnWidth=180&odnBg=FFFFFF,https://www.walmart.com/ip/Wrangler-San-Antonio-3-pc-Expandable-Rolling-Luggage-Set-w-20-Rolling-Carry-on-and-2-Packing-Cubes-Gray/1833838362?classType=VARIANT&athbdg=L1103,
,https://i5.walmartimages.com/seo/Carry-On-Luggage-20-Hardside-Suitcase-ABS-Spinner-Luggage-with-Lock-Crossroad-in-Rosegold_17db3ecb-69b0-47fe-ae91-6f56cdcde824.d531b4b634ed31a37f2e50dd771d6ac8.jpeg?odnHeight=180&odnWidth=180&odnBg=FFFFFF,https://www.walmart.com/ip/Carry-On-Luggage-20-Hardside-Suitcase-ABS-Spinner-Luggage-with-Lock-Crossroad-in-Rosegold/3807120578?classType=VARIANT&athbdg=L1600,
,https://i5.walmartimages.com/seo/Protege-20Inch-Hardside-ABS-Upright-Luggage-with-100-ABS-Rich-Black_2ed53450-aabd-47b4-b7ca-533fe31317ab.49d43ad83e071e467d684af791b44ef6.jpeg?odnHeight=180&odnWidth=180&odnBg=FFFFFF,https://www.walmart.com/ip/Protege-20Inch-Hardside-ABS-Upright-Luggage-with-100-ABS-Rich-Black/5523078047?classType=VARIANT,
,https://i5.walmartimages.com/seo/Tripcomp-Luggage-Sets-2-Piece-Suitcase-Set-14-20-Hardside-Suitcase-with-Spinner-Wheels-Lightweight-Carry-On-Luggage-Pink_85cd0350-29b9-4dab-9dc5-1075a07e4b84.6a38aa0cdfbdbac260e96b6518b096e3.jpeg?odnHeight=180&odnWidth=180&odnBg=FFFFFF,https://www.walmart.com/ip/Tripcomp-Luggage-Sets-2-Piece-Suitcase-Set-14-20-Hardside-Suitcase-with-Spinner-Wheels-Lightweight-Carry-On-Luggage-Pink/5247240047?classType=VARIANT,
,https://i5.walmartimages.com/seo/Landisun-Collapsible-Carry-on-Luggage-Water-and-Impact-Resistant-Hardshell-20-inch-Carry-On-Luggage-with-Spinner-Wheels-Griege_87f7a052-67b2-4f16-a64f-31419317063a.440d904f5be5d7b97bb6d2906759878c.jpeg?odnHeight=180&odnWidth=180&odnBg=FFFFFF,https://www.walmart.com/ip/Landisun-Collapsible-Carry-on-Luggage-Hardshell-20-inch-Carry-on-Travel-Luggage-with-Spinner-Wheels-Creamy-White/5663768972?classType=VARIANT,
,https://i5.walmartimages.com/seo/MIUSSE-Hard-Shell-Luggage-Sets-3-Piece-Luggage-Backpack-Set-20-Inch-Hardside-Suitcase-Spinner-Wheels-TSA-Lock-Carry-Suitcase-Travel-Backpack-Men-Wome_009ea38d-1379-4e63-a6ce-d08db35ea1d7.e637318c8e101f22cabffc8fc2de6b10.jpeg?odnHeight=180&odnWidth=180&odnBg=FFFFFF,https://www.walmart.com/ip/MIUSSE-3-Piece-Luggage-Sets-Hardshell-Hardside-TSA-Lock-Lightweight-Durable-Spinner-Wheels-Suitcase/15060971106?classType=VARIANT,
,https://i5.walmartimages.com/seo/Tripcomp-Luggage-Sets-2-Piece-Suitcase-Set-14-20-Hardside-Suitcase-with-Spinner-Wheels-Lightweight-Carry-On-Luggage-Light-Blue_1d2cb081-4068-4141-91e5-6ac645e18c8e.8d4c15b19de1348f8f8e8a912b6f5f62.jpeg?odnHeight=180&odnWidth=180&odnBg=FFFFFF,https://www.walmart.com/ip/Tripcomp-Luggage-Sets-2-Piece-Suitcase-Set-14-20-Hardside-Suitcase-with-Spinner-Wheels-Lightweight-Carry-On-Luggage-Light-Blue/5312452775?classType=VARIANT,
,https://i5.walmartimages.com/seo/Landisun-Carry-on-Luggage-20-inch-Lightweight-Suitcase-with-Spinner-Wheels-and-TSA-Lock-Dark-Gray_324e6584-5c9c-407b-bdf5-4053b8311ef0.f4b585d0c8a43b6e7e05155e86125dd1.jpeg?odnHeight=180&odnWidth=180&odnBg=FFFFFF,https://www.walmart.com/ip/Landisun-Carry-on-Luggage-20-inch-Lightweight-Suitcase-with-Spinner-Wheels-and-TSA-Lock-Dark-Gray/5625003759?classType=VARIANT,
,https://i5.walmartimages.com/seo/imiomo-Carry-on-Luggage-20-in-Carry-on-Suitcase-with-Spinner-Wheels-Hardside-3PCS-Set-with-TSA-Lock-Beige_ed9cb9d8-5dc5-4382-8a26-013c8e4f8961.e129cda1565886e2131230a1d45485f9.jpeg?odnHeight=180&odnWidth=180&odnBg=FFFFFF,https://www.walmart.com/ip/imiomo-Carry-on-Luggage-20-in-Carry-on-Suitcase-with-Spinner-Wheels-Hardside-3PCS-Set-with-TSA-Lock-Beige/5114664904?classType=VARIANT,
,https://i5.walmartimages.com/seo/Travelers-Club-Chicago-20-Hardside-Expandable-Rolling-Carry-on-Luggage-Teal_b0899534-a403-4d17-bfdf-7a56ffe0441c_1.7d8215a669f5bf0d06d4f0746441bd5f.jpeg?odnHeight=180&odnWidth=180&odnBg=FFFFFF,https://www.walmart.com/ip/Travelers-Club-Chicago-20-Hardside-Expandable-Rolling-Carry-on-Luggage-Teal/917279165?classType=VARIANT,
,https://i5.walmartimages.com/seo/Protege-Regency-21-Softside-Upright-Carry-On-Luggage-Black_75d2167c-f81c-446f-a51f-1073c4babc46.5b68601ec27a9ec36d84736d8c32cb0b.png?odnHeight=180&odnWidth=180&odnBg=FFFFFF,https://www.walmart.com/ip/Protege-Regency-21-Softside-Upright-Carry-On-Luggage-Black/536941186?classType=VARIANT,
,,https://www.walmart.com,
,https://i5.walmartimages.com/seo/Tripcomp-3-Piece-Set-Luggage-Set-Lightweight-Expandable-Carry-On-Softside-Suitcase-with-Spinner-Wheel-Black_d228d73e-c595-4b73-a52b-467f8e2788a7.bcba01543a630a2f4bdc8c17408e2e29.jpeg,https://www.walmart.com/ip/Tripcomp-3-Piece-Set-Luggage-Set-Lightweight-Expandable-Carry-On-Softside-Suitcase-with-Spinner-Wheel-Black/8860452386?classType=VARIANT,
,https://i5.walmartimages.com/seo/Tripcomp-3-Piece-Set-Luggage-Set-Lightweight-Expandable-Carry-On-Softside-Suitcase-with-Spinner-Wheel-Blue_0cbd587b-87dc-4d46-9e3e-88928e8730e4.5d0351412545a5ccf6e59f3b3a621589.jpeg?odnHeight=180&odnWidth=180&odnBg=FFFFFF,https://www.walmart.com/ip/Tripcomp-3-Piece-Set-Luggage-Set-Lightweight-Expandable-Carry-On-Softside-Suitcase-with-Spinner-Wheel-Blue/8862915883?classType=VARIANT,
,https://i5.walmartimages.com/seo/TPRC-Lexington-II-20-Rolling-Expandable-Carry-on-4-Wheel-Spinner-Luggage-Black_b81c4e04-83ab-477f-bc13-c5add799046a.3d0d779bee1428f60172f825927767a7.jpeg?odnHeight=180&odnWidth=180&odnBg=FFFFFF,https://www.walmart.com/ip/TPRC-Lexington-II-20-Rolling-Expandable-Carry-on-4-Wheel-Spinner-Luggage-Black/3459848268?classType=VARIANT,
,https://i5.walmartimages.com/seo/Landisun-3-Piece-Carry-on-Luggage-Sets-Hardside-Suitcase-Set-with-Spinner-Wheels-Portable-Travel-Bag-and-Toiletry-Bag-White_18e4617b-c7c6-41b2-83af-a3f2875e3f56.7f66d30fd17026f9576033cd3b2d5486.jpeg?odnHeight=180&odnWidth=180&odnBg=FFFFFF,https://www.walmart.com/ip/Landisun-3-Piece-Carry-on-Luggage-Sets-Hardside-Suitcase-Set-with-Spinner-Wheels-Portable-Travel-Bag-and-Toiletry-Bag-White/14754056603?classType=VARIANT,
,https://i5.walmartimages.com/seo/Travelhouse-3-Piece-Hardshell-Luggage-Set-Hardside-Lightweight-Suitcase-with-TSA-Lock-Spinner-Wheels-20in24in28in-Green_87f8e797-4ff4-4cc7-89f0-361d447146bd.e3ae7a97b2ae80165452735a36728621.jpeg?odnHeight=180&odnWidth=180&odnBg=FFFFFF,https://www.walmart.com/ip/Travelhouse-3-Piece-Hardshell-Luggage-Set-Hardside-Lightweight-Suitcase-with-TSA-Lock-Spinner-Wheels-20in24in28in-Green/3509480245?classType=VARIANT,
,,https://www.walmart.com,
,https://i5.walmartimages.com/seo/StorageBud-20-inch-Hardside-Carry-On-Expandable-Luggage-Front-Pocket-Luggage-Set-Spinner-Suitcase-Set-Teal_55826966-2186-42bf-acd4-603ad2badfaf.5259794ed30b1a177773b0d34007cf54.jpeg?odnHeight=180&odnWidth=180&odnBg=FFFFFF,https://www.walmart.com/ip/StorageBud-20-inch-Hardside-Carry-On-Expandable-Luggage-Front-Pocket-Luggage-Set-Spinner-Suitcase-Set-Teal/1982772435?classType=VARIANT,
,https://i5.walmartimages.com/seo/Protege-18-Softside-Kids-Pilot-Case-Carry-On-Luggage-Dinosaur_56a7b4db-80af-462f-88b3-ac2723af93d4.d3870d58610d1bac132baea9192eff3a.jpeg?odnHeight=180&odnWidth=180&odnBg=FFFFFF,https://www.walmart.com/ip/Protege-18-Softside-Kids-Pilot-Case-Carry-On-Luggage-Dinosaur/3376625690?classType=VARIANT,
,https://i5.walmartimages.com/seo/2-Pc-Luggage-Set-Pink_cafa3829-dc1d-43fe-be16-a0446ed8e8f2.6549139d97bc0cdf19083e821ec8ce18.jpeg,https://www.walmart.com/ip/2-Pc-Luggage-Set-Pink/24270115?classType=REGULAR,
,https://i5.walmartimages.com/seo/Wrangler-20-Carry-On-Rolling-Hard-Side-Spinner-Luggage-Grey_04cac87a-626b-4d25-8612-b761dba40e65.89ee55cc56addbb341116eceef020e53.jpeg?odnHeight=180&odnWidth=180&odnBg=FFFFFF,https://www.walmart.com/ip/Wrangler-20-Carry-On-Rolling-Hard-Side-Spinner-Luggage-Grey/980534069?classType=VARIANT,
,https://i5.walmartimages.com/seo/edx-Hardside-Carry-on-Luggage-with-Spinner-Wheels-Hard-Shell-ABS-Suitcase-20-Inch-Lightweight-Expandable-Rolling-Luggage-Blue_774f0ffc-d075-4ccf-8ef2-481d878acc28.541ba2473f620c371327f16ada2f9ef9.jpeg?odnHeight=180&odnWidth=180&odnBg=FFFFFF,https://www.walmart.com/ip/edx-Hardside-Carry-on-Luggage-with-Spinner-Wheels-Hard-Shell-ABS-Suitcase-20-Inch-Lightweight-Expandable-Rolling-Luggage-Blue/13506258503?classType=VARIANT,
,https://i5.walmartimages.com/seo/2PCS-Luggage-Two-Piece-Rolling-Luggage-Set-Lightweight-With-Hook-20-14-Rose-Gold_53af712d-14d3-4f94-9c29-c526f10018a6.6837735ea3a2133a1ff3b6dd7d9a71e5.jpeg?odnHeight=180&odnWidth=180&odnBg=FFFFFF,https://www.walmart.com/ip/2PCS-Luggage-Two-Piece-Rolling-Luggage-Set-Lightweight-With-Hook-20-14-Rose-Gold/5500085163?classType=VARIANT,
,https://i5.walmartimages.com/seo/Rockland-Rio-2-Piece-Carry-On-Luggage-Set_22f0cda9-eff2-4893-a808-d7fca44e0bc4.33ade55a0086d61f284e033f942a04e1.jpeg?odnHeight=180&odnWidth=180&odnBg=FFFFFF,https://www.walmart.com/ip/Rockland-Rio-2-Piece-Carry-On-Luggage-Set/24270056?classType=VARIANT,
,https://i5.walmartimages.com/seo/HomGarden-22-inch-Carry-On-Luggage-Hardside-Expandable-Travel-Suitcase-Spinner-TSA-Lock-Black_d1d94987-d7d0-42c7-8801-e765c9c0cfb5.22b9cba0d37fcdc061e985da8b43e97a.jpeg?odnHeight=180&odnWidth=180&odnBg=FFFFFF,https://www.walmart.com/ip/HomGarden-22-inch-Carry-On-Luggage-Hardside-Expandable-Travel-Suitcase-Spinner-TSA-Lock-Black/2480571699?classType=VARIANT,
,https://i5.walmartimages.com/seo/Carry-on-Luggage-Set-3-Piece-hardshell-TSA-Lock-Spinner-Wheels-Suitcase-with-Travel-Bag-and-Neck-Pillow-Black_e76ebc38-b164-49e1-a866-6108a9c7f68a.dcb199b8307aef09c9f9733cc074f41c.jpeg?odnHeight=180&odnWidth=180&odnBg=FFFFFF,https://www.walmart.com/ip/Carry-on-Luggage-Set-3-Piece-hardshell-TSA-Lock-Spinner-Wheels-Suitcase-with-Travel-Bag-and-Neck-Pillow-Black/11104973263?classType=VARIANT,
,https://i5.walmartimages.com/seo/Protege-Vacationer-Collection-20-inch-Medium-Hardside-Carry-on-Luggage-Upright-Blue-Cove-All-Ages_b04be341-31bc-454b-b974-33a55962c2cf.2fa50110a85708afc1a312793d723ca6.jpeg?odnHeight=180&odnWidth=180&odnBg=FFFFFF,https://www.walmart.com/ip/Protege-Vacationer-Collection-20-inch-Medium-Hardside-Carry-on-Luggage-Upright-Blue-Cove-All-Ages/5439978301?classType=VARIANT,
,https://i5.walmartimages.com/seo/Protege-Arendale-20-Softside-Expandable-Rolling-Spinner-Carry-On-Luggage-Black_71337874-daac-4f30-b7f0-bdf0f5378ce6.ead992bae0356437e3db9caefee502c9.jpeg?odnHeight=180&odnWidth=180&odnBg=FFFFFF,https://www.walmart.com/ip/Protege-Arendale-20-Softside-Expandable-Rolling-Spinner-Carry-On-Luggage-Black/2762593826?classType=VARIANT,
,https://i5.walmartimages.com/seo/iFLY-Hardside-Fibertech-Luggage-24-Checked-Luggage-Rose-Gold_052bda45-1637-4ac8-af20-cc3bd843daec.5151fb82bf1b69379fb7ed1cb473d0d6.jpeg?odnHeight=180&odnWidth=180&odnBg=FFFFFF,https://www.walmart.com/ip/iFLY-Hardside-Fibertech-Luggage-24-Checked-Luggage-Rose-Gold/950212570?classType=VARIANT,
,https://i5.walmartimages.com/seo/Travelers-Club-20-inch-Expandable-ABS-20-Hard-Side-Rolling-Carry-On-Fuchsia_477e4f4b-ef9b-47c2-ad2b-e250ce162e3c.e0c2dadd6517bc61c87bcbbdbe12e0ae.jpeg?odnHeight=180&odnWidth=180&odnBg=FFFFFF,https://www.walmart.com/ip/Travelers-Club-20-inch-Expandable-ABS-20-Hard-Side-Rolling-Carry-On-Fuchsia/33965767?classType=VARIANT,
,https://i5.walmartimages.com/seo/it-luggage-Replicating-21-5-Hardside-Expandable-Carry-on-Spinner-Luggage-Gray_37d351a6-47be-4c12-b097-2b704d640402.e2549e3949fec776ea0b04a42553bb93.png?odnHeight=180&odnWidth=180&odnBg=FFFFFF,https://www.walmart.com/ip/it-luggage-Replicating-21-5-Hardside-Expandable-Carry-on-Spinner-Luggage-Gray/789878674?classType=VARIANT,
,https://i5.walmartimages.com/seo/Rockland-Expandable-Carry-On-Luggage-Set-Color-Turquoise-Number-of-Items-2-Piece_c7d2a281-a9c1-4f22-9d4f-480eceae9387.29e2278c892badd10e65fa0706988de1.jpeg,https://www.walmart.com/ip/Rockland-Expandable-Carry-On-Luggage-Set-Color-Turquoise-Number-of-Items-2-Piece/22235832?classType=REGULAR,
,https://i5.walmartimages.com/seo/CONCETTA-20-inch-Carry-on-Luggage-Lightweight-Expandable-Rolling-Suitcase-Hard-Shell-ABS-TSA-Lock-Double-Spinner-Wheels-Suit-Case-Blue_0e8cc1c6-e266-4338-9723-b184f0c80873.b67ef5fc9858d090b16293061c046bba.jpeg?odnHeight=180&odnWidth=180&odnBg=FFFFFF,https://www.walmart.com/ip/CONCETTA-20-inch-Carry-on-Luggage-Lightweight-Expandable-Rolling-Suitcase-Hard-Shell-ABS-TSA-Lock-Double-Spinner-Wheels-Suit-Case-Blue/15305003190?classType=VARIANT&athbdg=L1900,
,https://i5.walmartimages.com/seo/Carry-on-Luggage-20-IN-Carry-on-Suitcase-with-Spinner-Wheels-Hardside-3PCS-Set-Lightweight-Rolling-Travel-Luggage-with-Lock-20-Black_47337084-e91b-4cbb-8614-2860ebdf4ca2.c2cec250ee0811393cd5d469274acdb7.png?odnHeight=180&odnWidth=180&odnBg=FFFFFF,https://www.walmart.com/ip/3-Piece-Carry-Luggage-Set-TSA-Lock-Spinner-Wheels-Durable-Waterproof-Travel-Suitcase-Set-Men-Women-Hardside-3PCS-Set-with-15-Travel-Bag-10-Crossbody/13824858031?classType=VARIANT,
,https://i5.walmartimages.com/seo/Joyway-3-Piece-Carry-on-Luggage-Set-with-Swivel-Wheel-Combination-Lock-Lightweight-Hard-Shell-Set-Black_ce73008b-9175-461f-9af0-15601d94e0de.d71f24d782beda800e0b2d7309e85340.jpeg?odnHeight=180&odnWidth=180&odnBg=FFFFFF,https://www.walmart.com/ip/Joyway-3-Piece-Carry-on-Luggage-Set-with-Swivel-Wheel-Combination-Lock-Lightweight-Hard-Shell-Set-Black/3574971690?classType=VARIANT,
,https://i5.walmartimages.com/seo/Protege-Gravity-Free-20-Softside-Upright-Carry-On-Luggage-Gray_ba26b8a3-f56d-4b6e-bfd0-6fd1950490a8.94c73945116d3acfdb514fa739fa3803.jpeg?odnHeight=180&odnWidth=180&odnBg=FFFFFF,https://www.walmart.com/ip/Protege-Gravity-Free-20-Softside-Upright-Carry-On-Luggage-Gray/2407370934?classType=VARIANT,
,https://i5.walmartimages.com/seo/For-Spirit-Airlines-Personal-Item-Bag-18x14x8-Travel-Duffel-Bag-Underseat-Foldable-Carry-on-Luggage-for-Women-Black-with-Shoulder-Strap_0fefb737-5a79-440b-a339-b2a8bb47c8bc.d2e23d905455171cb2dc5215cf7fec7b.jpeg?odnHeight=180&odnWidth=180&odnBg=FFFFFF,https://www.walmart.com/ip/For-Spirit-Airlines-Personal-Item-Bag-18x14x8-Travel-Duffel-Bag-Underseat-Foldable-Carry-on-Luggage-for-Women-Black-with-Shoulder-Strap/1168160661?classType=VARIANT,
,https://i5.walmartimages.com/seo/Protege-Vacationer-Collection-20-inch-Medium-Hardside-Carry-on-Luggage-Upright-Silver-Hail-All-Ages_9e3fa1c7-7ccd-4f71-9c8f-6228ac38bfb7.5c144eb8586ca4998ec7d3c5350623f5.jpeg?odnHeight=180&odnWidth=180&odnBg=FFFFFF,https://www.walmart.com/ip/Protege-Vacationer-Collection-20-inch-Medium-Hardside-Carry-on-Luggage-Upright-Silver-Hail-All-Ages/5439978297?classType=VARIANT,
,https://i5.walmartimages.com/seo/Travelhouse-Hardshell-Carry-on-Luggage-20-Lightweight-Hardside-Suitcase-with-Spinner-Wheels-Black_338a35b0-e89a-4f84-a218-b63fa2ec50a4.d65e2d835a06eabd02bf2937a25d82e5.jpeg?odnHeight=180&odnWidth=180&odnBg=FFFFFF,https://www.walmart.com/ip/Travelhouse-Hardshell-Carry-On-Luggage-20-Lightweight-Hardside-Suitcase-With-Silent-Spinner-Wheels-Black/1397398854?classType=VARIANT&athbdg=L1600,
,https://i5.walmartimages.com/seo/Landisun-3-Piece-Carry-on-Luggage-Sets-Hardside-Suitcase-Set-with-Spinner-Wheels-Portable-Travel-Bag-and-Toiletry-Bag-White_18e4617b-c7c6-41b2-83af-a3f2875e3f56.7f66d30fd17026f9576033cd3b2d5486.jpeg?odnHeight=180&odnWidth=180&odnBg=FFFFFF,https://www.walmart.com/ip/Landisun-3-Piece-Carry-on-Luggage-Sets-Hardside-Suitcase-Set-with-Spinner-Wheels-Portable-Travel-Bag-and-Toiletry-Bag-White/14754056603?classType=VARIANT,
,https://i5.walmartimages.com/seo/UKEIN-Luggage-Sets-3-Piece-Carry-Luggage-Wheels-20-Inch-Hardshell-Suitcase-TSA-Lock-100-PC-Carry-Suitcases-Airline-Approved-Travel-Backpack-Men-Women_ea22e637-9d63-4633-a7bf-93102c700ba0.339231c8f37989c1f5c5c498745dfccf.jpeg?odnHeight=180&odnWidth=180&odnBg=FFFFFF,https://www.walmart.com/ip/Luggage-Sets-3-Piece-Carry-On-20-Inch-With-Spinner-Wheels-PC-Hardside-Suitcase-Set-TSA-Lock-Durable-Travel-Backpack-Men-Women-Blue-Brown/10704171526?classType=VARIANT,
,https://i5.walmartimages.com/seo/Carry-on-Luggage-Set-3-Piece-hardshell-TSA-Lock-Spinner-Wheels-Suitcase-with-Travel-Bag-White_0c344ce6-2151-4881-b053-2e486979c1ed.05e57af2212c45a819bd1d96aeb76f5b.jpeg?odnHeight=180&odnWidth=180&odnBg=FFFFFF,https://www.walmart.com/ip/Carry-on-Luggage-Set-3-Piece-hardshell-TSA-Lock-Spinner-Wheels-Suitcase-with-Travel-Bag-White/11138302261?classType=VARIANT,
,https://i5.walmartimages.com/seo/Joyway-20-Inches-3-Piece-Hardside-Spinner-Luggage-Luggage-Sets-Off-White_35e35fb9-42c4-4ffe-a687-0f4c916a4c6f.4c5e4a12e1abb99476e48174c171fc28.jpeg?odnHeight=180&odnWidth=180&odnBg=FFFFFF,https://www.walmart.com/ip/Joyway-20-Inches-3-Piece-Hardside-Spinner-Luggage-Luggage-Sets-Off-White/2089726115?classType=VARIANT,
,https://i5.walmartimages.com/seo/Carry-On-Luggage-20-inch-Hard-Shell-Rolling-Suitcase-for-Travel-Expandable-Lightweight-with-Spinner-Wheels-TSA-Lock_103a5cd9-3340-4b96-90e1-410f6a933142.083781832bf24566a8411d6dbf02fe9f.jpeg?odnHeight=180&odnWidth=180&odnBg=FFFFFF,https://www.walmart.com/ip/Carry-On-Luggage-20-inch-Hard-Shell-Rolling-Suitcase-for-Travel-Expandable-Lightweight-with-Spinner-Wheels-TSA-Lock/8509022019?classType=VARIANT,
,https://i5.walmartimages.com/seo/American-Tourister-4-KIX-2-0-20-Carry-on-Spinner-Luggage_bfee3f85-0a53-49de-a7fe-0ba79bdfa829.e0b475e864c6d092f9484c1676c814fa.jpeg?odnHeight=180&odnWidth=180&odnBg=FFFFFF,https://www.walmart.com/ip/American-Tourister-4-KIX-2-0-20-Carry-on-Spinner-Luggage/1729639199?classType=VARIANT,
,https://i5.walmartimages.com/seo/American-Tourister-Cargo-Max-21-Hardside-Carry-on-Spinner-Luggage-Single-Piece-Olive_519acdcb-1df0-4976-af8e-c046f8d4ef42_1.d42e8503e3ff882852378e8b44bac136.jpeg?odnHeight=180&odnWidth=180&odnBg=FFFFFF,https://www.walmart.com/ip/American-Tourister-Cargo-Max-21-Hardside-Carry-on-Spinner-Luggage-Single-Piece-Olive/173838448?classType=VARIANT&athbdg=L1600,
,https://i5.walmartimages.com/seo/U-S-Traveler-Anzio-Softside-Expandable-Spinner-Luggage-Navy-Carry-on-22-Inch_386878e0-a542-4119-9d4a-c81f2a2a0a13.a01982e920f6cdb4aa136b8f580bbbe3.jpeg?odnHeight=180&odnWidth=180&odnBg=FFFFFF,https://www.walmart.com/ip/U-S-Traveler-Anzio-Softside-Expandable-Spinner-Luggage-Navy-22-Carry-on/223538098?classType=VARIANT,
,https://i5.walmartimages.com/seo/Protege-Vacationer-Hard-Side-20-Expandable-Carry-on-Luggage-Black_161d7a08-5415-4ac9-a067-5621ac89319f.a52265afb7951d71090b00ec7fa061c5.jpeg?odnHeight=180&odnWidth=180&odnBg=FFFFFF,https://www.walmart.com/ip/Protege-Vacationer-Hard-Side-20-Expandable-Carry-on-Luggage-Black/1269244171?classType=VARIANT,
,https://i5.walmartimages.com/seo/Joyway-20-Inches-3-Piece-Hardside-Spinner-Luggage-Luggage-Sets-Off-White_35e35fb9-42c4-4ffe-a687-0f4c916a4c6f.4c5e4a12e1abb99476e48174c171fc28.jpeg?odnHeight=180&odnWidth=180&odnBg=FFFFFF,https://www.walmart.com/ip/Joyway-20in-Expandable-Carry-on-Luggage-with-ABS-Hard-Luggage-with-Double-Swivel-Wheels-TSA-Lock/2089726115?classType=VARIANT,
,https://i5.walmartimages.com/seo/WEPLUS-Hardside-Carry-On-Luggage-3-Piece-Luggage-Sets-TSA-Lock-Spinner-Wheels-20-Suitcase-with-Cup-Holder_b6435e66-0fec-4d2d-a328-241824a36320.6bdf789d901fb0430ec60b07507e07a7.jpeg?odnHeight=180&odnWidth=180&odnBg=FFFFFF,https://www.walmart.com/ip/WEPLUS-Hardside-Carry-On-Luggage-3-Piece-Luggage-Sets-TSA-Lock-Spinner-Wheels-20-Suitcase-with-Cup-Holder/15053554860?classType=VARIANT,
,,https://www.walmart.com,
,https://i5.walmartimages.com/seo/Travelers-Club-20-Inch-Spinner-Rolling-Carry-on-Luggage-Green_30461fb2-9b4d-47de-bc8c-ad3f7f565ee9_1.ed63f1dcafa31f3b8f1d43275ffe54a7.jpeg?odnHeight=180&odnWidth=180&odnBg=FFFFFF,https://www.walmart.com/ip/Travelers-Club-20-Spinner-Rolling-Carry-on-Luggage-Green/980744123?classType=VARIANT,
,https://i5.walmartimages.com/seo/American-Tourister-Stratum-2-0-20-Hardside-Carry-on-Spinner-Luggage-One-Piece-Slate-Blue_d5d36430-396a-46a4-b2eb-4c05eec34861.61848c8dcfcfce5e5d23e9f6906d976b.jpeg?odnHeight=180&odnWidth=180&odnBg=FFFFFF,https://www.walmart.com/ip/American-Tourister-Stratum-2-0-20-Hardside-Carry-on-Spinner-Luggage-One-Piece-Slate-Blue/942504209?classType=VARIANT,
,https://i5.walmartimages.com/seo/Skyway-Luggage-Camano-Hardshell-20-Expandable-Carry-on-Hardside-Luggage-with-Spinner-Wheels-Blue_eb2ddfaa-9dd2-4ad6-ac20-790fe59248b9.34bb48db6584a3c49f1274ee624f06b6.jpeg?odnHeight=180&odnWidth=180&odnBg=FFFFFF,https://www.walmart.com/ip/Skyway-Luggage-Camano-Hardshell-20-Expandable-Carry-on-Hardside-Luggage-with-Spinner-Wheels-Blue/3721086304?classType=VARIANT,
,https://i5.walmartimages.com/seo/Joyway-Carry-on-Luggage-20-Lightweight-Polypropylene-Luggage-Hardshell-Suitcase-with-Swivel-Wheels_aefa1942-03fc-425a-a91f-d8776e31d32e.75027de62095b885b58d75cd2d0f467a.jpeg?odnHeight=180&odnWidth=180&odnBg=FFFFFF,https://www.walmart.com/ip/Joyway-Carry-on-Luggage-20-Lightweight-Polypropylene-Luggage-Hardshell-Suitcase-with-Swivel-Wheels/2636362877?classType=VARIANT,
,https://i5.walmartimages.com/seo/Protege-3-Piece-Softside-Luggage-Value-Travel-Set-Blue_55b3664c-6d82-4e97-b068-bfb7ed0b767a.d515136a125a3ad48bd2a4c58fc9ca49.jpeg?odnHeight=180&odnWidth=180&odnBg=FFFFFF,https://www.walmart.com/ip/Protege-3-Piece-Softside-Luggage-Value-Travel-Set-Blue/782875117?classType=VARIANT,
,https://i5.walmartimages.com/seo/UKEIN-Luggage-Sets-3-Piece-Carry-Luggage-Wheels-20-Inch-Hardshell-Suitcase-TSA-Lock-100-PC-Carry-Suitcases-Airline-Approved-Travel-Backpack-Men-Women_13899f6e-370f-425a-9826-615f2f03e2f0.007172eeedf719546c7e4b2a96c37eb3.jpeg?odnHeight=180&odnWidth=180&odnBg=FFFFFF,https://www.walmart.com/ip/UKEIN-Luggage-Sets-3-Piece-Carry-Luggage-Wheels-20-Inch-Hardshell-Suitcase-TSA-Lock-100-PC-Carry-Suitcases-Airline-Approved-Travel-Backpack-Men-Women/10725952353?classType=VARIANT,
,https://i5.walmartimages.com/seo/U-S-Traveler-Forza-2-Piece-Expandable-Softside-Carry-On-Luggage-Set-Spinner-Wheels-TSA-Approved-Tote-Bag-Lightweight-Travel-Suitcase-Red_822da529-1693-4dbc-94c8-9f9c4b38ecc7.45adae8b0ca1ae8b112a4d36c13c520f.jpeg?odnHeight=180&odnWidth=180&odnBg=FFFFFF,https://www.walmart.com/ip/U-S-Traveler-Forza-2-Piece-Expandable-Softside-Carry-On-Luggage-Set-Spinner-Wheels-TSA-Approved-Tote-Bag-Lightweight-Travel-Suitcase-Red/567374176?classType=VARIANT,
,https://i5.walmartimages.com/seo/TPRC-Lexington-II-20-Rolling-Expandable-Carry-on-4-Wheel-Spinner-Luggage-Purple_6783804c-42ff-480d-9dc6-22c7b1cc6000.410c00c4f909b543f1a698e9607f89e3.jpeg,https://www.walmart.com/ip/TPRC-Lexington-II-20-Rolling-Expandable-Carry-on-4-Wheel-Spinner-Luggage-Purple/2180513675?classType=VARIANT&athbdg=L1300,
,https://i5.walmartimages.com/seo/Travelhouse-3-Piece-Hardside-Luggage-Sets-Hardshell-Durable-Lightweight-Suitcase-with-Double-Spinner-Wheels-and-TSA-Lock-Pink_57113d3d-be34-4c4d-9ce5-f960cf3d370d.2fd312fd3fe552398e9f29f81c3bc1b1.jpeg?odnHeight=180&odnWidth=180&odnBg=FFFFFF,https://www.walmart.com/ip/Travelhouse-3-Piece-Hardside-Luggage-Sets-Hardshell-Durable-Lightweight-Suitcase-with-Double-Spinner-Wheels-and-TSA-Lock-Pink/2112606854?classType=VARIANT&athbdg=L1400,
,https://i5.walmartimages.com/seo/Joyway-Carry-on-Luggage-20-Lightweight-Polypropylene-Luggage-Hardshell-Suitcase-with-Swivel-Wheels_aefa1942-03fc-425a-a91f-d8776e31d32e.75027de62095b885b58d75cd2d0f467a.jpeg?odnHeight=180&odnWidth=180&odnBg=FFFFFF,https://www.walmart.com/ip/Joyway-Carry-on-Luggage-20-Lightweight-Polypropylene-Luggage-Hardshell-Suitcase-with-Swivel-Wheels/2636362877?classType=VARIANT,
,https://i5.walmartimages.com/seo/Protege-3pc-Softside-Luggage-Set-24-Check-Bag-22-Duffel-and-14-Boarding-Tote-All-Ages-Grey_b6e93f42-5c7f-4967-9f0c-eb3271696a06.0b553c3da6b6036bee401b26e01ec190.jpeg,https://www.walmart.com/ip/Protege-3pc-Softside-Luggage-Set-24-Check-Bag-22-Duffel-and-14-Boarding-Tote-All-Ages-Grey/6948402665?classType=REGULAR,
,https://i5.walmartimages.com/seo/2-Pieces-Underseat-Travel-Duffel-Bag-Airline-Approved-Gym-Bag-Women-Waterproof-Expandable-Lightweight-Durable-Toiletry-Bag-Large-Capacity-Carry-Lugga_29561dec-3f27-46b4-879a-6b0074924620.ccafc6dd4eae8ca76c57e8da2c9adeab.jpeg?odnHeight=180&odnWidth=180&odnBg=FFFFFF,https://www.walmart.com/ip/2-Pieces-Underseat-Travel-Duffel-Bag-Airline-Approved-Gym-Bag-Women-Waterproof-Expandable-Lightweight-Durable-Toiletry-Bag-Large-Capacity-Carry-Lugga/8379211962?classType=VARIANT,
,https://i5.walmartimages.com/seo/Skyway-Luggage-Ballard-Softside-20-Expandable-Carry-on-Luggage-with-Spinner-Wheels-Adult-Black_efc85351-f7ad-47dc-9f27-883850282431.a2e4020a31e6196d6112ab4476768164.jpeg,https://www.walmart.com/ip/Skyway-Luggage-Ballard-Softside-20-Expandable-Carry-on-Luggage-with-Spinner-Wheels-Adult-Black/13260857680?classType=REGULAR,
,https://i5.walmartimages.com/seo/Travelers-Club-20-Skyline-rolling-hard-case-carry-on-luggage-Black_2dd0170b-fb5a-4565-8bcd-7462a2ddff2f.9168739868b69c31cb1b3df164a7e0b1.jpeg?odnHeight=180&odnWidth=180&odnBg=FFFFFF,https://www.walmart.com/ip/Travelers-Club-20-Skyline-rolling-hard-case-carry-on-luggage-Black/3627809782?classType=VARIANT,
,https://i5.walmartimages.com/seo/iFLY-Hardside-Fibertech-Luggage-28-Checked-Luggage-Black_91e7ebdd-76bf-4779-8f69-5ae3e52192b1.6967e4e0fd2519fd6b1e21d575045a70.jpeg?odnHeight=180&odnWidth=180&odnBg=FFFFFF,https://www.walmart.com/ip/iFLY-Hardside-Fibertech-Luggage-28-Checked-Luggage-Black/49943131?classType=VARIANT&athbdg=L1103,
,https://i5.walmartimages.com/seo/Skyway-Luggage-Sigma-7-0-20-Softside-8-Wheel-Carry-on-Spinner-Adult-Black_277d05f5-fd19-441b-b2e7-5a2cab2f261e.8cd7ac32b7a62247dd6d8370fa0180f3.jpeg?odnHeight=180&odnWidth=180&odnBg=FFFFFF,https://www.walmart.com/ip/Skyway-Luggage-Sigma-7-0-20-Softside-8-Wheel-Carry-on-Spinner-Adult-Black/6950063091?classType=VARIANT,
,https://i5.walmartimages.com/seo/Wrangler-20-inch-Expandable-Spinner-Rolling-Carry-on-w-USB-Port_8694494c-4a8c-4762-971c-f6123a769f17.1cd97e4a6eeff5bef8ec455f8c04c230.jpeg?odnHeight=180&odnWidth=180&odnBg=FFFFFF,https://www.walmart.com/ip/Wrangler-20-in-Expandable-Spinner-Rolling-Carry-on-with-3-in-1-Cup-Holder-Brown/1940692267?classType=VARIANT,
,https://i5.walmartimages.com/seo/GAZILY-3-Piece-Luggage-Sets-ABS-Hardshell-Lightweight-Suitcase-with-TSA-Lock-and-Double-Spinner-Wheels-Ivory_b586a5a9-2990-4a9f-ab8e-e57b920bbbb6.62ec444541b019b0174b9a53b997a8f5.jpeg?odnHeight=180&odnWidth=180&odnBg=FFFFFF,https://www.walmart.com/ip/GAZILY-5-Piece-Luggage-Sets-Travel-Duffel-Bag-ABS-Hardshell-Hardside-Checked-Luggage-TSA-Lock-Double-Spinner-Wheels-Suitcase-Ivory-White/5316226038?classType=VARIANT,
,https://i5.walmartimages.com/seo/MIUSSE-Hard-Shell-Luggage-Sets-3-Piece-Luggage-Backpack-Set-20-Inch-Hardside-Suitcase-Spinner-Wheels-TSA-Lock-Carry-Suitcase-Travel-Backpack-Men-Wome_009ea38d-1379-4e63-a6ce-d08db35ea1d7.e637318c8e101f22cabffc8fc2de6b10.jpeg?odnHeight=180&odnWidth=180&odnBg=FFFFFF,https://www.walmart.com/ip/MIUSSE-3-Piece-Luggage-Sets-Hardshell-Hardside-TSA-Lock-Lightweight-Durable-Spinner-Wheels-Suitcase/15060971106?classType=VARIANT,
,https://i5.walmartimages.com/seo/Tripcomp-Luggage-Sets-2-Piece-Suitcase-Set-14-20-Hardside-Suitcase-with-Spinner-Wheels-Lightweight-Carry-On-Luggage-Light-Blue_1d2cb081-4068-4141-91e5-6ac645e18c8e.8d4c15b19de1348f8f8e8a912b6f5f62.jpeg?odnHeight=180&odnWidth=180&odnBg=FFFFFF,https://www.walmart.com/ip/Tripcomp-Luggage-Sets-2-Piece-Suitcase-Set-14-20-Hardside-Suitcase-with-Spinner-Wheels-Lightweight-Carry-On-Luggage-Light-Blue/5312452775?classType=VARIANT,
,https://i5.walmartimages.com/seo/YOETEY-Carry-on-Luggage-Soft-Sided-Luggage-Small-Suitcase-Front-Open-for-Adult-16-inch_f0adbb7b-bd9b-461b-a232-52664bc9636f.41550c4cbea81c6bb7b42b27f810f9bf.jpeg?odnHeight=180&odnWidth=180&odnBg=FFFFFF,https://www.walmart.com/ip/YOETEY-Carry-on-Luggage-Soft-Sided-Luggage-Small-Suitcase-Front-Open-for-Adult-16-inch/8387524221?classType=VARIANT,
,https://i5.walmartimages.com/seo/Joyway-Carry-On-Luggage-20-Inch-Expandable-Luggage-3-Piece-Hard-Shell-Luggage-Set-with-TSA-Lock_9d3c7480-5ab7-4005-8f1d-945dc8308912.bc24948f0a1401cfec098320bd060f38.jpeg?odnHeight=180&odnWidth=180&odnBg=FFFFFF,https://www.walmart.com/ip/Joyway-Carry-On-Luggage-20-Inch-Expandable-Luggage-3-Piece-Hard-Shell-Luggage-Set-with-TSA-Lock/5204232888?classType=VARIANT,
,https://i5.walmartimages.com/seo/20-Inch-PC-ABS-Hardside-Carry-On-Luggage-with-Spinner-Wheel-Durable-Carry-On-Suitcase-Built-in-TSA-Lock_17dd5c7a-0157-494c-8356-2bd9c670b028.67155dea24d5544f7cb30ba9cd733041.jpeg,https://www.walmart.com/ip/20-Inch-PC-ABS-Hardside-Carry-On-Luggage-with-Spinner-Wheel-Durable-Carry-On-Suitcase-Built-in-TSA-Lock/5402738371?classType=REGULAR,
,https://i5.walmartimages.com/seo/American-Tourister-Fieldbrook-II-2-Piece-Softside-Luggage-Set-21-Upright-Rolling-Carry-on-and-Boarding-Bag_8fb269ba-4bbf-4a84-bad7-ab9fcb8e8962.0a1f84327fcfd83a07ddfab7bae15c9e.jpeg?odnHeight=180&odnWidth=180&odnBg=FFFFFF,https://www.walmart.com/ip/American-Tourister-Fieldbrook-II-2-Piece-Softside-Luggage-Set-21-Upright-Rolling-Carry-on-and-Boarding-Bag/33629634?classType=VARIANT,
,https://i5.walmartimages.com/seo/Protege-Trulite-20-Softside-Carry-On-Luggage-Black_71ea3f8d-fb53-4a8f-b929-713d74d5e39d_1.72ac4048ae7f8a1a12703536ebd17f54.jpeg?odnHeight=180&odnWidth=180&odnBg=FFFFFF,https://www.walmart.com/ip/Protege-Trulite-20-Softside-Carry-On-Luggage-Black/406314483?classType=VARIANT,
,https://i5.walmartimages.com/seo/it-luggage-Striving-22-Softside-Carry-On-8-Wheel-Spinner-Black_a7fb1dfe-d1f4-4d40-a679-fbc93fb43d78.f1414c64505a37369b561aabd3f7fdab.jpeg?odnHeight=180&odnWidth=180&odnBg=FFFFFF,https://www.walmart.com/ip/it-luggage-Striving-22-Softside-Carry-On-8-Wheel-Spinner-Black/15270370846?classType=VARIANT,
,https://i5.walmartimages.com/seo/Protege-21-Regency-Carry-On-2-Wheel-Upright-Luggage-Walmart-Exclusive-Red-All-Ages_e68c81f5-f7c8-4b4b-b36c-b124dad80964.f228a5475e778fd4c3429b5530b4f87b.jpeg,https://www.walmart.com/ip/Protege-21-Regency-Carry-On-2-Wheel-Upright-Luggage-Walmart-Exclusive-Red-All-Ages/392401545?classType=REGULAR,
,https://i5.walmartimages.com/seo/Travelpro-Maxlite-5-Softside-Expandable-Carry-Luggage-4-Spinner-Wheels-Lightweight-Suitcase-Men-Women-Mocha-On-21-Inch-Mocha-Carry-on_77706aa9-3fea-42f1-b859-4a3432be9d03.525e4b3c50d944e0a289b2dae3ce934b.jpeg,https://www.walmart.com/ip/Travelpro-Maxlite-5-Softside-Expandable-Carry-Luggage-4-Spinner-Wheels-Lightweight-Suitcase-Men-Women-Mocha-On-21-Inch-Mocha-Carry-on/855245273?classType=REGULAR,
,https://i5.walmartimages.com/seo/GIANNA-28-Inch-Carry-On-Luggage-Expandable-Hardside-Suitcases-with-Rolling-Spinner-Wheels-TSA-Lock-White_dad5f2f1-4595-4f1e-b4a4-e218362acb77.b7796b23ae14426b7a075c0f1e3db491.jpeg?odnHeight=180&odnWidth=180&odnBg=FFFFFF,https://www.walmart.com/ip/GIANNA-28-Inch-Carry-On-Luggage-Expandable-Hardside-Suitcases-with-Rolling-Spinner-Wheels-TSA-Lock-White/14912810639?classType=VARIANT,
,https://i5.walmartimages.com/seo/it-luggage-Duo-Tone-22-Softside-Carry-on-8-Wheel-Spinner-Luggage_faa01161-ff3f-401c-a7c7-570137299fcc.6cf098f92c55935d59e730d52b4f61c4.jpeg?odnHeight=180&odnWidth=180&odnBg=FFFFFF,https://www.walmart.com/ip/it-luggage-Duo-Tone-22-Softside-Carry-on-8-Wheel-Spinner-Luggage/1948423600?classType=VARIANT,
,https://i5.walmartimages.com/seo/AMZFUN-Carry-On-Luggage-20-Hardside-PC-ABS-Lightweight-USB-Suitcase-with-360-Wheels-TSA-Lock-Airline-Approved-Luggage-Pink_1e4a947f-dd0c-4a19-87a3-717c7c036213.bec30c1ae29debb18a3c033821a7ae41.jpeg?odnHeight=180&odnWidth=180&odnBg=FFFFFF,https://www.walmart.com/ip/AMZFUN-Carry-On-Luggage-20-Hardside-PC-ABS-Lightweight-USB-Suitcase-with-360-Wheels-TSA-Lock-Airline-Approved-Luggage-Pink/1901546960?classType=VARIANT,
,https://i5.walmartimages.com/seo/Nefoso-2-Pcs-Luggage-Sets-Carry-on-Luggage-20-in-Suitcase-with-TSA-USB-Port-Spinner-Wheels-Hardshell-Lightweight-Navy-Blue_6220a5b5-42db-4a83-92a1-4052af037fcc.b748d65265c65a6596b92a426fc37ba5.jpeg?odnHeight=180&odnWidth=180&odnBg=FFFFFF,https://www.walmart.com/ip/Nefoso-2-Pcs-Luggage-Sets-Carry-on-Luggage-20-in-Suitcase-with-TSA-USB-Port-Spinner-Wheels-Hardshell-Lightweight-Navy-Blue/6315005720?classType=VARIANT,
,https://i5.walmartimages.com/seo/YOETEY-Carry-on-Luggage-PC-Hardside-Expandable-Lightweight-Suitcase-with-TSA-Lock-for-Adult-20-inch_2f77999f-e29a-48c5-9ee6-2c65dba0798e.5a62182ed7614acf0366ce5b59d2ef12.jpeg?odnHeight=180&odnWidth=180&odnBg=FFFFFF,https://www.walmart.com/ip/YOETEY-Carry-on-Luggage-PC-Hardside-Expandable-Lightweight-Suitcase-with-TSA-Lock-for-Adult-20-inch/5802909571?classType=VARIANT&athbdg=L1900,
,https://i5.walmartimages.com/seo/U-S-Traveler-Rio-Rugged-Fabric-Expandable-Rolling-Carry-on-Luggage-Set-w-Tote-Purple-2-Piece-21-10_5c64ab7a-6cd6-40e8-bfcb-2d1585065b4e.6f6e3e46cd670750b925506282f54ebb.jpeg?odnHeight=180&odnWidth=180&odnBg=FFFFFF,https://www.walmart.com/ip/U-S-Traveler-Rio-Rugged-Fabric-Expandable-Rolling-Carry-on-Luggage-Set-w-Tote-Purple-2-Piece-21-10/14957806?classType=VARIANT,
,https://i5.walmartimages.com/seo/Travelhouse-3-Piece-Hardside-Luggage-Sets-Hardshell-Durable-Lightweight-Suitcase-with-Double-Spinner-Wheels-and-TSA-Lock-Pink_57113d3d-be34-4c4d-9ce5-f960cf3d370d.2fd312fd3fe552398e9f29f81c3bc1b1.jpeg?odnHeight=180&odnWidth=180&odnBg=FFFFFF,https://www.walmart.com/ip/Travelhouse-3-Piece-Hardside-Luggage-Sets-Hardshell-Durable-Lightweight-Suitcase-with-Double-Spinner-Wheels-and-TSA-Lock-Pink/2112606854?classType=VARIANT&athbdg=L1400,
,https://i5.walmartimages.com/seo/Zimtown-2-Piece-Luggage-Set-20-Carry-On-Expandble-ABS-PC-Luggage-Hardside-Lightweight-Suitcase-14-Mini-Cosmetic-Cases-Rose-Gold_1f77daf9-3633-4de9-9751-3feb2f6de9b4.592bff48839856a4c621cbc416910821.jpeg?odnHeight=180&odnWidth=180&odnBg=FFFFFF,https://www.walmart.com/ip/Zimtown-2-Piece-Luggage-Set-20-Carry-On-Expandble-ABS-PC-Luggage-Hardside-Lightweight-Suitcase-14-Mini-Cosmetic-Cases-Rose-Gold/8175055353?classType=VARIANT,
,https://i5.walmartimages.com/seo/30in-3-Layer-Expandable-Suitcase-Bag-Foldable-Rolling-Wheeled-Luggage-Handbag-Large-for-Home-Storage-Travel-Business-Moving-Black_3dd70ed2-5a37-4386-89bb-b016d0b240d5.a4891b6cf17f7b3c9483c232b3f66d1e.jpeg?odnHeight=180&odnWidth=180&odnBg=FFFFFF,https://www.walmart.com/ip/30in-3-Layer-Expandable-Suitcase-Bag-Foldable-Rolling-Wheeled-Luggage-Handbag-Large-for-Home-Storage-Travel-Business-Moving-Black/1582931514?classType=VARIANT,
,https://i5.walmartimages.com/seo/Protege-Arendale-16-Softside-Under-Seat-Luggage-Black_8eb467d9-da81-448c-b709-e59c42abab12.9fe310281df116e7c96bf1e2bfbf19fa.jpeg?odnHeight=180&odnWidth=180&odnBg=FFFFFF,https://www.walmart.com/ip/Protege-Arendale-16-Softside-Under-Seat-Luggage-Black/1278448086?classType=VARIANT&athbdg=L1103,
,https://i5.walmartimages.com/seo/Travelhouse-Hardshell-Carry-on-Luggage-20-Lightweight-Hardside-Suitcase-with-Spinner-Wheels-Light-Purple_68adabae-da80-405d-9b81-c8589ae24c85.f272e59ab38eecdac52d5d65e9393d47.jpeg?odnHeight=180&odnWidth=180&odnBg=FFFFFF,https://www.walmart.com/ip/Travelhouse-Hardshell-Carry-On-Luggage-20-Lightweight-Hardside-Suitcase-With-Silent-Spinner-Wheels-Light-Purple/1681977304?classType=VARIANT&athbdg=L1600,
,https://i5.walmartimages.com/seo/Landisun-3-Piece-Carry-on-Luggage-Sets-Hardside-Suitcase-Set-with-Spinner-Wheels-Portable-Travel-Bag-and-Toiletry-Bag-White_18e4617b-c7c6-41b2-83af-a3f2875e3f56.7f66d30fd17026f9576033cd3b2d5486.jpeg?odnHeight=180&odnWidth=180&odnBg=FFFFFF,https://www.walmart.com/ip/Landisun-3-Piece-Carry-on-Luggage-Sets-Hardside-Suitcase-Set-with-Spinner-Wheels-Portable-Travel-Bag-and-Toiletry-Bag-White/14754056603?classType=VARIANT,
,https://i5.walmartimages.com/seo/UKEIN-Luggage-Sets-3-Piece-Carry-Luggage-Wheels-20-Inch-Hardshell-Suitcase-TSA-Lock-100-PC-Carry-Suitcases-Airline-Approved-Travel-Backpack-Men-Women_ea22e637-9d63-4633-a7bf-93102c700ba0.339231c8f37989c1f5c5c498745dfccf.jpeg?odnHeight=180&odnWidth=180&odnBg=FFFFFF,https://www.walmart.com/ip/Luggage-Sets-3-Piece-Carry-On-20-Inch-With-Spinner-Wheels-PC-Hardside-Suitcase-Set-TSA-Lock-Durable-Travel-Backpack-Men-Women-Blue-Brown/10704171526?classType=VARIANT,
,https://i5.walmartimages.com/seo/Carry-on-Luggage-Set-3-Piece-hardshell-TSA-Lock-Spinner-Wheels-Suitcase-with-Travel-Bag-White_0c344ce6-2151-4881-b053-2e486979c1ed.05e57af2212c45a819bd1d96aeb76f5b.jpeg?odnHeight=180&odnWidth=180&odnBg=FFFFFF,https://www.walmart.com/ip/Carry-on-Luggage-Set-3-Piece-hardshell-TSA-Lock-Spinner-Wheels-Suitcase-with-Travel-Bag-White/11138302261?classType=VARIANT&athbdg=L1700,
,https://i5.walmartimages.com/seo/GIANNA-24-Inch-Hardside-Expandable-Luggage-with-Spinner-Wheels-Checked-Medium-Lightweight-Expandable-Rolling-Luggage-with-TSA-Lock-Blue_6edb0554-f857-4bb4-807b-6019daced2f8.52e2a17886177bdf4b87b90aa5ed8803.jpeg?odnHeight=180&odnWidth=180&odnBg=FFFFFF,https://www.walmart.com/ip/GIANNA-24-Inch-Hardside-Expandable-Luggage-with-Spinner-Wheels-Checked-Medium-Lightweight-Expandable-Rolling-Luggage-with-TSA-Lock-Blue/13964720918?classType=VARIANT&athbdg=L1600,
,https://i5.walmartimages.com/seo/UBesGoo-20-Carry-on-Luggage-ABS-PC-Suitcase-Set-with-Front-Pocket-Expandable-Hardside-Luggage-with-Wheels-Red_7162e4ae-b32c-49c3-b9cd-f24dc538bde5.eb6fba9815f330803ad79f5858a3982e.jpeg?odnHeight=180&odnWidth=180&odnBg=FFFFFF,https://www.walmart.com/ip/UBesGoo-20-Carry-on-Luggage-ABS-PC-Suitcase-Set-with-Front-Pocket-Expandable-Hardside-Luggage-with-Wheels-Red/298598768?classType=VARIANT,
,https://i5.walmartimages.com/seo/EDX-20-Carry-on-Luggage-Hardside-Suitcase-with-Spinner-Wheels-and-TSA-Lock-Blue_7bf06c2c-f4e3-4212-8b4b-53ef7c630506.0b23af4344e69a4cb13077310628f699.jpeg?odnHeight=180&odnWidth=180&odnBg=FFFFFF,https://www.walmart.com/ip/ZUNMOS-20-Carry-on-Luggage-Hardside-Suitcase-with-Spinner-Wheels-and-TSA-Lock-Lightweight-Blue/5473319433?classType=VARIANT&athbdg=L1700,
,https://i5.walmartimages.com/seo/BBC-Bluey-Kid-s-Ride-On-Luggage-Blue_842672d7-747e-49ef-8183-f8af2ad5328a.5ba2c60221885bfc13d95fc75a9e9b03.jpeg?odnHeight=180&odnWidth=180&odnBg=FFFFFF,https://www.walmart.com/ip/BBC-Bluey-Kid-s-Ride-On-Luggage-Blue/10120011742?classType=VARIANT,
,https://i5.walmartimages.com/seo/Protege-2-Piece-Hardside-Rolling-Luggage-Set-Blue_585d701d-a4fc-4bbf-9759-0dfd7a0aa748.aa5c6f371e88b1acfc2419dfbb785076.jpeg?odnHeight=180&odnWidth=180&odnBg=FFFFFF,https://www.walmart.com/ip/Protege-2-Piece-Hardside-Rolling-Luggage-Set-Blue/3487227179?classType=VARIANT,
,https://i5.walmartimages.com/seo/Rockland-Luggage-15-Melrose-Wheeled-Underseat-Softside-Carry-On-BF31_9c078a33-d257-47dc-a553-a55be98b4d4d_1.899c6013ebf0f082796973b899f61031.jpeg?odnHeight=180&odnWidth=180&odnBg=FFFFFF,https://www.walmart.com/ip/Rockland-Luggage-15-Melrose-Wheeled-Underseat-Softside-Carry-On-BF31/48453318?classType=VARIANT,
,https://i5.walmartimages.com/seo/Joyway-20-Inches-3-Piece-Hardside-Spinner-Luggage-Luggage-Sets-Off-White_35e35fb9-42c4-4ffe-a687-0f4c916a4c6f.4c5e4a12e1abb99476e48174c171fc28.jpeg?odnHeight=180&odnWidth=180&odnBg=FFFFFF,https://www.walmart.com/ip/Joyway-20in-Expandable-Carry-on-Luggage-with-ABS-Hard-Luggage-with-Double-Swivel-Wheels-TSA-Lock/2089726115?classType=VARIANT,
,https://i5.walmartimages.com/seo/WEPLUS-Hardside-Carry-On-Luggage-3-Piece-Luggage-Sets-TSA-Lock-Spinner-Wheels-20-Suitcase-with-Cup-Holder_b6435e66-0fec-4d2d-a328-241824a36320.6bdf789d901fb0430ec60b07507e07a7.jpeg?odnHeight=180&odnWidth=180&odnBg=FFFFFF,https://www.walmart.com/ip/WEPLUS-Hardside-Carry-On-Luggage-3-Piece-Luggage-Sets-TSA-Lock-Spinner-Wheels-20-Suitcase-with-Cup-Holder/15053554860?classType=VARIANT,
,,https://www.walmart.com,
,https://i5.walmartimages.com/seo/American-Tourister-Stratum-2-0-20-Hardside-Carry-on-Spinner-Luggage-One-Piece-Purple_dd7a3606-9e99-4f56-9631-5bbcf6c572de.b0cda57bec93c283041a112181f406e8.jpeg?odnHeight=180&odnWidth=180&odnBg=FFFFFF,https://www.walmart.com/ip/American-Tourister-Stratum-2-0-20-Hardside-Carry-on-Spinner-Luggage-One-Piece-Purple/593408253?classType=VARIANT,
,https://i5.walmartimages.com/seo/Travelers-Club-5-piece-Kids-Luggage-Set-with-360-4-Wheel-Spinner-System-Bunny_9f44b5f5-27ea-405f-9ef6-2f9e912b26cc.d2b86377ffcbfe21eb19c36f3af19831.jpeg?odnHeight=180&odnWidth=180&odnBg=FFFFFF,https://www.walmart.com/ip/Travelers-Club-5-piece-Kids-Luggage-Set-with-360-4-Wheel-Spinner-System-Bunny/174594812?classType=VARIANT,
,https://i5.walmartimages.com/seo/Protege-Ashfield-20-Softside-Upright-Carry-On-Luggage-Navy-Blue_5dd63026-6fb7-4d2f-95a3-872a766af26a_1.e0b28d67a67d7a69d7b885a9acac5c2b.jpeg?odnHeight=180&odnWidth=180&odnBg=FFFFFF,https://www.walmart.com/ip/Protege-Ashfield-20-Softside-Upright-Carry-On-Luggage-Navy-Blue/579202174?classType=VARIANT,
,https://i5.walmartimages.com/seo/L-O-L-Surprise-21-inch-Kids-Rolling-Luggage-Hardside-Carry-on-Suitcase-with-Wheels-for-Kids_e20e18c6-cd1d-4094-bb56-113114e3ed7e.838fda2ab2c5ec2e13e2b9495c59d347.jpeg,https://www.walmart.com/ip/L-O-L-Surprise-21-inch-Child-Rolling-Luggage-Hardside-Carry-on-Suitcase-with-Wheels-for-Kids/1482322213?classType=REGULAR,
,https://i5.walmartimages.com/seo/Zimtown-20-Carry-on-Luggage-Expandble-Hardside-Suitcase-with-Spinner-Wheels-and-TSA-Lock-Black_ff2bf54b-e53f-47ee-a635-5b76c57378ea.be73f15488e886b32ffa3e0c5697cc0b.jpeg?odnHeight=180&odnWidth=180&odnBg=FFFFFF,https://www.walmart.com/ip/Zimtown-20-Carry-on-Luggage-Expandble-Hardside-Suitcase-with-Spinner-Wheels-and-TSA-Lock-Black/10709420543?classType=VARIANT,
,https://i5.walmartimages.com/seo/Travelers-Club-20-inch-Hard-Side-Rolling-Carry-on-Travel-Luggage-Rose-Gold_d37e7745-d20e-4e35-8c65-be43c340c6d3.0585a0583e8370ec016c2ba0dc285cdc.jpeg,https://www.walmart.com/ip/Travelers-Club-20-inch-Hard-Side-Rolling-Carry-on-Travel-Luggage-Rose-Gold/600788882?classType=REGULAR,
,https://i5.walmartimages.com/seo/Expandable-Rolling-Travel-Bag-With-360-Detachable-Wheels-Side-Pocket-Foldable-Luggage-Waterproof-Carry-On-Overnight-Tote-For-Home-Storage-Gym-Moving_6efa2904-7d6e-4545-8876-1bf3010ff5b9.aa0633061944297e39816017a5064099.jpeg?odnHeight=180&odnWidth=180&odnBg=FFFFFF,https://www.walmart.com/ip/Expandable-Rolling-Travel-Bag-360-Detachable-Wheels-Trolley-Sleeve-Side-Pocket-Foldable-Luggage-Bag-Waterproof-Carry-Overnight-Tote-Home-Storage-Gym/5944955417?classType=VARIANT,
,https://i5.walmartimages.com/seo/Rockland-Luggage-15-Melrose-Wheeled-Underseat-Softside-Carry-On-BF31_bfb19384-5aac-4e5b-9a1f-0d6d6c866da1_1.c1d051bf69236f2830abbd95d3a6fb79.jpeg?odnHeight=180&odnWidth=180&odnBg=FFFFFF,https://www.walmart.com/ip/Rockland-Luggage-15-Melrose-Wheeled-Underseat-Softside-Carry-On-BF31/48453320?classType=VARIANT,
,https://i5.walmartimages.com/seo/Travelhouse-3-Piece-Hardside-Luggage-Sets-Hardshell-Durable-Lightweight-Suitcase-with-Double-Spinner-Wheels-and-TSA-Lock-Pink_57113d3d-be34-4c4d-9ce5-f960cf3d370d.2fd312fd3fe552398e9f29f81c3bc1b1.jpeg?odnHeight=180&odnWidth=180&odnBg=FFFFFF,https://www.walmart.com/ip/Travelhouse-3-Piece-Hardside-Luggage-Sets-Hardshell-Durable-Lightweight-Suitcase-with-Double-Spinner-Wheels-and-TSA-Lock-Pink/2112606854?classType=VARIANT,
,https://i5.walmartimages.com/seo/Joyway-Carry-on-Luggage-20-Lightweight-Polypropylene-Luggage-Hardshell-Suitcase-with-Swivel-Wheels_aefa1942-03fc-425a-a91f-d8776e31d32e.75027de62095b885b58d75cd2d0f467a.jpeg?odnHeight=180&odnWidth=180&odnBg=FFFFFF,https://www.walmart.com/ip/Joyway-Carry-on-Luggage-20-Lightweight-Polypropylene-Luggage-Hardshell-Suitcase-with-Swivel-Wheels/2636362877?classType=VARIANT,
,https://i5.walmartimages.com/seo/Securitech-by-Delsey-Patrol-20-Carry-on-Hardside-Spinner-Luggage-Blue_902a8361-7c8d-4203-a50a-ca441623e9b9.4c3b28e0f7e6ea2b2808034806b0014d.jpeg?odnHeight=180&odnWidth=180&odnBg=FFFFFF,https://www.walmart.com/ip/Securitech-by-Delsey-Patrol-20-Carry-on-Hardside-Spinner-Luggage-Blue/3528687018?classType=VARIANT,
,https://i5.walmartimages.com/seo/Travelers-Club-22-8-Wheel-Spinner-Expandable-Rolling-Carry-on-with-Cup-Holder-and-USB-Port-Mauve-Purple_76582a47-7539-4730-8804-b093a1f21e0f.8aec9588f188de8c7bea64b1c3ba6f20.jpeg,https://www.walmart.com/ip/Travelers-Club-22-8-Wheel-Spinner-Expandable-Rolling-Carry-on-with-Cup-Holder-and-USB-Port-Mauve-Purple/14568373796?classType=VARIANT&athbdg=L1300,
,https://i5.walmartimages.com/seo/it-luggage-Legion-3-Piece-Hardside-8-Wheel-Expandable-Spinner-Luggage-Luggage-Set_bdd85ddd-e906-41f2-aa3b-a1d2021103eb.e8bf1154f141ab80344220d80e35e5df.png,https://www.walmart.com/ip/it-luggage-Legion-3-Piece-Hardside-8-Wheel-Expandable-Spinner-Luggage-Luggage-Set/1994533592?classType=VARIANT,
,https://i5.walmartimages.com/seo/WEPLUS-Hardside-Carry-On-Luggage-3-Piece-Luggage-Sets-TSA-Lock-Spinner-Wheels-20-Suitcase-with-Cup-Holder_b6435e66-0fec-4d2d-a328-241824a36320.6bdf789d901fb0430ec60b07507e07a7.jpeg?odnHeight=180&odnWidth=180&odnBg=FFFFFF,https://www.walmart.com/ip/WEPLUS-Hardside-Carry-On-Luggage-3-Piece-Luggage-Sets-TSA-Lock-Spinner-Wheels-20-Suitcase-with-Cup-Holder/15053554860?classType=VARIANT,
,https://i5.walmartimages.com/seo/Zimtown-2-Piece-Carry-on-Luggage-Set-PP-Hard-Shell-Suitcase-14-20-Luggage-Sets-Double-Wheels-with-TSA-Lock-Blue_00c4a2ae-bac1-40d2-b693-dfbfeb120976.7d262f283077222c392a70bb731d8d5b.jpeg?odnHeight=180&odnWidth=180&odnBg=FFFFFF,https://www.walmart.com/ip/Zimtown-2-Piece-Carry-on-Luggage-Set-PP-Hard-Shell-Suitcase-14-20-Luggage-Sets-Double-Wheels-with-TSA-Lock-Blue/9729605799?classType=VARIANT,
,https://i5.walmartimages.com/seo/Protege-20-Hardside-Kids-Pilot-Case-Carry-On-Luggage-Flower-Print_c43e5879-b782-45bf-b00d-7b6312a065b3.8660c4711f84671ee22d8d2e39d4b316.jpeg?odnHeight=180&odnWidth=180&odnBg=FFFFFF,https://www.walmart.com/ip/Protege-20-Hardside-Kids-Pilot-Case-Carry-On-Luggage-Flower-Print/3490141620?classType=VARIANT,
,https://i5.walmartimages.com/seo/Melalenia-Carry-On-Luggage-20-with-Charging-Port-PC-Hard-Shell-Suitcase-with-TSA-Lock-and-Spinner-Wheels_95057304-9011-45f1-9ea0-fe013e871c43.6d1a560fb5b8c9e7b48b9fd93374c703.jpeg?odnHeight=180&odnWidth=180&odnBg=FFFFFF,https://www.walmart.com/ip/Melalenia-Carry-On-Luggage-20-with-Charging-Port-PC-Hard-Shell-Suitcase-with-TSA-Lock-and-Spinner-Wheels/5727452871?classType=VARIANT,
,https://i5.walmartimages.com/seo/Sunbee-Hardside-Luggage-Set-3-Piece-Set-Lightweight-Suitcase-with-TSA-Lock-Spinner-Wheels_1495f36b-88ce-4f3c-86d0-9ed71c4e91f1.1ae05ee83c97b4e8fef9b852531a9690.jpeg?odnHeight=180&odnWidth=180&odnBg=FFFFFF,https://www.walmart.com/ip/Sunbee-Hardside-Luggage-Set-3-Piece-Set-Lightweight-Suitcase-with-TSA-Lock-Spinner-Wheels/5317412761?classType=VARIANT,
,https://i5.walmartimages.com/seo/MIUSSE-Hard-Shell-Luggage-Sets-3-Piece-Luggage-Backpack-Set-20-Inch-Hardside-Suitcase-Spinner-Wheels-TSA-Lock-Carry-Suitcase-Travel-Backpack-Men-Wome_009ea38d-1379-4e63-a6ce-d08db35ea1d7.e637318c8e101f22cabffc8fc2de6b10.jpeg?odnHeight=180&odnWidth=180&odnBg=FFFFFF,https://www.walmart.com/ip/MIUSSE-3-Piece-Luggage-Sets-Hardshell-Hardside-TSA-Lock-Lightweight-Durable-Spinner-Wheels-Suitcase/15060971106?classType=VARIANT,
,https://i5.walmartimages.com/seo/Tripcomp-Luggage-Sets-2-Piece-Suitcase-Set-14-20-Hardside-Suitcase-with-Spinner-Wheels-Lightweight-Carry-On-Luggage-Light-Blue_1d2cb081-4068-4141-91e5-6ac645e18c8e.8d4c15b19de1348f8f8e8a912b6f5f62.jpeg?odnHeight=180&odnWidth=180&odnBg=FFFFFF,https://www.walmart.com/ip/Tripcomp-Luggage-Sets-2-Piece-Suitcase-Set-14-20-Hardside-Suitcase-with-Spinner-Wheels-Lightweight-Carry-On-Luggage-Light-Blue/5312452775?classType=VARIANT,
,https://i5.walmartimages.com/seo/MIUSSE-Luggage-Sets-3-Piece-20-Inch-Carry-Luggage-Wheels-100-PC-Hardshell-Suitcase-TSA-Lock-Carry-Suitcases-Airline-Approved-Travel-Backpack-Men-Wome_f57ddf6b-73e7-4549-9c35-0ce457f66919.23a57faf572b268f9a1f3c8a5a3303ee.jpeg?odnHeight=180&odnWidth=180&odnBg=FFFFFF,https://www.walmart.com/ip/MIUSSE-Luggage-Sets-3-Piece-20-Inch-Carry-Luggage-Wheels-100-PC-Hardshell-Suitcase-TSA-Lock-Carry-Suitcases-Airline-Approved-Travel-Backpack-Men-Wome/10868604767?classType=VARIANT,
,https://i5.walmartimages.com/seo/iFLY-Hardside-Fibertech-3-0-20-Carry-on-Luggage-Very-Berry_64abb57b-8383-4005-9e88-9fb824b50d7c.5cc702d289eac4f095bca12f0d50f9ed.jpeg?odnHeight=180&odnWidth=180&odnBg=FFFFFF,https://www.walmart.com/ip/iFLY-Hardside-Fibertech-3-0-20-Carry-on-Luggage-Very-Berry/13158269448?classType=VARIANT,
,https://i5.walmartimages.com/seo/GAZILY-Expandable-Suitcase-Set-Luggage-Sets-20-inch-Carry-On-Luggage-with-TSA-Lock-and-Double-Spinner-Wheels-Deep-Blue-3-PCS-set_0338f2da-d03b-41d3-95e3-53ae977ebb99.05f435fc608d874fe343a84714a79b0a.jpeg?odnHeight=180&odnWidth=180&odnBg=FFFFFF,https://www.walmart.com/ip/GAZILY-Expandable-Suitcase-Set-Luggage-Sets-20-inch-Carry-On-Luggage-with-TSA-Lock-and-Double-Spinner-Wheels-Deep-Blue-3-PCS-set/5329046450?classType=VARIANT,
,https://i5.walmartimages.com/seo/YOETEY-Carry-on-Luggage-PC-Expandable-Hardside-Luggage-with-Front-Pocket-USB-Port-for-Adult-20-inch_ab0363bd-53f6-4c93-bac0-d88594aa6e18.d4018f3b7b605b093e96192e9240207d.png?odnHeight=180&odnWidth=180&odnBg=FFFFFF,https://www.walmart.com/ip/YOETEY-Carry-on-Luggage-PC-Expandable-Hardside-Luggage-with-Front-Pocket-USB-Port-for-Adult-20-inch/7332615588?classType=VARIANT,
,https://i5.walmartimages.com/seo/it-luggage-Replicating-27-Hardside-Expandable-Checked-Spinner-Luggage-Gray_5d8538d2-c63c-4ba1-b083-03536ff18364.ee110b96019b7c5e9c0b2a1bb0a60260.png?odnHeight=180&odnWidth=180&odnBg=FFFFFF,https://www.walmart.com/ip/it-luggage-Replicating-27-Hardside-Expandable-Checked-Spinner-Luggage-Gray/763167181?classType=VARIANT,
,https://i5.walmartimages.com/seo/Travel-Select-Amsterdam-Softside-Expandable-Rolling-Luggage-TSA-Approved-Lightweight-Navy-Carry-on-21-Inch_8d6b64eb-bdcc-4ddb-a0b8-4aadefcc025c.d3d150a58e5ad9881e59ff8bcba9b8d4.jpeg?odnHeight=180&odnWidth=180&odnBg=FFFFFF,https://www.walmart.com/ip/Travel-Select-Amsterdam-Softside-Expandable-Rolling-Luggage-TSA-Approved-Lightweight-Navy-Carry-on-21-Inch/14562811?classType=VARIANT,
,https://i5.walmartimages.com/seo/20-Inch-Carry-On-Luggage-Expandable-Lightweight-Suitcase-with-TSA-Lock-Hard-Shell-Luggage-with-Spinner-Wheels-Black_acdf455a-d702-4436-8a3a-0fea7cde4514.439a2e22d4209518e0f8cf370a6393c3.jpeg?odnHeight=180&odnWidth=180&odnBg=FFFFFF,https://www.walmart.com/ip/20-Inch-Carry-On-Luggage-Expandable-Lightweight-Suitcase-with-TSA-Lock-Hard-Shell-Luggage-with-Spinner-Wheels-Black/14673261588?classType=VARIANT,
,https://i5.walmartimages.com/seo/Skyway-Luggage-Epic-Softside-20-8-Wheel-Carry-On-Spinner-Adult_ace44d0c-fcf7-4bb0-8aad-4853cc7316dd.0893eadc1c7feaefc47a2a903b110884.jpeg?odnHeight=180&odnWidth=180&odnBg=FFFFFF,https://www.walmart.com/ip/Skyway-Luggage-Epic-Softside-20-8-Wheel-Carry-On-Spinner-Adult/107824726?classType=VARIANT,
,https://i5.walmartimages.com/seo/American-Tourister-Cargo-Max-21-Hardside-Carry-on-Spinner-Luggage-Single-Piece-Dune_02feba84-c5b6-4ae8-b2c6-0e469ea872d2.00e68f77f2394e23fc48547a697f5a60.jpeg?odnHeight=180&odnWidth=180&odnBg=FFFFFF,https://www.walmart.com/ip/American-Tourister-Cargo-Max-21-Hardside-Carry-on-Spinner-Luggage-Single-Piece-Dune/2548512128?classType=VARIANT,
,https://i5.walmartimages.com/seo/AMZFUN-20-14-Carry-On-Luggage-Hardside-PC-ABS-Lightweight-USB-Suitcase-with-TSA-Lock-2-Piece-Set-14-20-Pink_01e472f2-8af1-45f3-a574-f6ffb7aaeffd.ef5ad1b2b820dd0c61ffdde6eb0570a6.jpeg?odnHeight=180&odnWidth=180&odnBg=FFFFFF,https://www.walmart.com/ip/AMZFUN-20-14-Carry-On-Luggage-Hardside-PC-ABS-Lightweight-USB-Suitcase-with-TSA-Lock-2-Piece-Set-14-20-Pink/1971272298?classType=VARIANT,
,https://i5.walmartimages.com/seo/Wrangler-4-Piece-Expandable-Hardside-Spinner-Luggage-Set-with-Packing-Cubes-Sharkskin-Grey_e5297a0a-4fb7-4ba8-9ffb-697ff05df5ca.6097c8edb7ffe453c9788720cd5786fa.jpeg?odnHeight=180&odnWidth=180&odnBg=FFFFFF,https://www.walmart.com/ip/Wrangler-4-Piece-Expandable-Hardside-Spinner-Luggage-Set-with-Packing-Cubes-Sharkskin-Grey/5592835036?classType=VARIANT,
,https://i5.walmartimages.com/seo/Wrangler-2-piece-Expandable-Hard-Side-Carry-on-Luggage-Set-Teal_45b639a2-1e52-4357-9b12-55d44bf5c438.636abb636016c1e23b52a79694b1c87b.jpeg?odnHeight=180&odnWidth=180&odnBg=FFFFFF,https://www.walmart.com/ip/Wrangler-2-piece-Expandable-Hard-Side-Carry-on-Luggage-Set-Teal/319612810?classType=VARIANT,
,https://i5.walmartimages.com/seo/YOETEY-Underseat-Carry-on-Luggage-Softside-Lightweight-Suitcase-with-Wheels-for-Adult-Trip-16-inch_7a342077-8d71-44aa-95de-254770a3a6ba.bdf2b051cdf8122ac852a1e7da882f25.png?odnHeight=180&odnWidth=180&odnBg=FFFFFF,https://www.walmart.com/ip/YOETEY-Underseat-Carry-on-Luggage-Softside-Lightweight-Suitcase-with-Wheels-for-Adult-Trip-16-inch/5800056956?classType=VARIANT&athbdg=L1900,
,https://i5.walmartimages.com/seo/Zimtown-3-Piece-Carry-on-Luggage-Sets-PP-Hardside-Suitcase-Set-with-Spinner-Wheels-Portable-Travel-Bag-and-Toiletry-Bag-Purple_09695612-0db6-457e-9b9c-04c5cb1453bd.0009b696f659a191ab86f542cc6be66c.jpeg?odnHeight=180&odnWidth=180&odnBg=FFFFFF,https://www.walmart.com/ip/Zimtown-3-Piece-Carry-on-Luggage-Sets-PP-Hardside-Suitcase-Set-with-Spinner-Wheels-Portable-Travel-Bag-and-Toiletry-Bag-Purple/9740150466?classType=VARIANT&athbdg=L1900,
,https://i5.walmartimages.com/seo/Travelers-Club-Richmond-Hardside-20-Rolling-Carry-on-Luggage-Gray_1e9b9483-7c25-47cd-acaf-3accba273706.fb97635f4048cf368c55256faf3aa772.jpeg?odnHeight=180&odnWidth=180&odnBg=FFFFFF,https://www.walmart.com/ip/Travelers-Club-Richmond-Hardside-20-Rolling-Carry-on-Luggage-Gray/1380536226?classType=VARIANT,
,https://i5.walmartimages.com/seo/The-Protege-4-Piece-Luggage-Set_dc2e17fb-4dd1-4789-b2df-655b5dd4f250.1cc1dc0d9b61da3d859f1ffd707299ee.jpeg,https://www.walmart.com/ip/The-Protege-4-Piece-Luggage-Set/2908959282?classType=REGULAR,
,https://i5.walmartimages.com/seo/Gonex-16-Softside-Carry-On-Luggage-with-Wheels-Water-Repellent-Rolling-Underseater-Suitcase_212293aa-6f7a-442e-8e21-c7aa6d4c5551.5f868cf00faa39b74d3a8e323bed897c.jpeg?odnHeight=180&odnWidth=180&odnBg=FFFFFF,https://www.walmart.com/ip/Gonex-16-Softside-Carry-On-Luggage-with-Wheels-Water-Repellent-Rolling-Underseater-Suitcase/13477571447?classType=VARIANT,
,https://i5.walmartimages.com/seo/imiomo-Luggage-Set-Expandable-Luggage-Hard-Carry-on-Luggage-USB-Port-Cup-Holder-TSA-Lock-Suitcase_19ea1b04-dbb4-4343-9c05-1329762948de.875beb7a577daba52d8e3ecb48eba6dc.jpeg?odnHeight=180&odnWidth=180&odnBg=FFFFFF,https://www.walmart.com/ip/imiomo-Luggage-Set-Expandable-Luggage-Hard-Carry-on-Luggage-USB-Port-Cup-Holder-TSA-Lock-Suitcase/5012486948?classType=VARIANT,
